datetime,price_eur_per_mwh,is_future
2025-05-30T22:14:06.626946,72.511279783949,0
2025-05-30T22:44:06.626946,79.82670294622065,0
2025-05-30T23:14:06.626946,70.28641554897209,0
2025-05-30T23:44:06.626946,78.21942736974697,0
2025-05-31T00:14:06.626946,70.9623175565323,0
2025-05-31T00:44:06.626946,82.87189525727459,0
2025-05-31T01:14:06.626946,71.1410836323657,0
2025-05-31T01:44:06.626946,71.02082519152518,0
2025-05-31T02:14:06.626946,88.3213011489261,0
2025-05-31T02:44:06.626946,73.63578908035893,0
2025-05-31T03:14:06.626946,72.44110787777326,0
2025-05-31T03:44:06.626946,82.05667611034761,0
2025-05-31T04:14:06.626946,87.69939698141252,0
2025-05-31T04:44:06.626946,83.24062941402254,0
2025-05-31T05:14:06.626946,88.35471207330602,0
2025-05-31T05:44:06.626946,73.86232784483055,0
2025-05-31T06:14:06.626946,88.61458050704402,0
2025-05-31T06:44:06.626946,82.1673558248443,0
2025-05-31T07:14:06.626946,84.73096434085852,0
2025-05-31T07:44:06.626946,88.0026402479408,0
2025-05-31T08:14:06.626946,72.21302907418055,0
2025-05-31T08:44:06.626946,87.53138516903608,0
2025-05-31T09:14:06.626946,89.67707521880456,0
2025-05-31T09:44:06.626946,74.02056232169357,0
2025-05-31T10:14:06.626946,88.56718610730888,0
2025-05-31T10:44:06.626946,78.41260976920714,0
2025-05-31T11:14:06.626946,82.58512902430931,0
2025-05-31T11:44:06.626946,89.66310348468679,0
2025-05-31T12:14:06.626946,70.73314480795621,0
2025-05-31T12:44:06.626946,75.41524542354922,0
2025-05-31T13:14:06.626946,88.18556960148021,0
2025-05-31T13:44:06.626946,76.27066100546243,0
2025-05-31T14:14:06.626946,84.86903711164769,0
2025-05-31T14:44:06.626946,77.05529390739434,0
2025-05-31T15:14:06.626946,89.36632887610759,0
2025-05-31T15:44:06.626946,86.87423859000455,0
2025-05-31T16:14:06.626946,84.35288150712502,0
2025-05-31T16:44:06.626946,71.6662111949602,0
2025-05-31T17:14:06.626946,78.94123137564776,0
2025-05-31T17:44:06.626946,81.99417983700607,0
2025-05-31T18:14:06.626946,75.59178060182597,0
2025-05-31T18:44:06.626946,75.57102960988524,0
2025-05-31T19:14:06.626946,76.44699315821538,0
2025-05-31T19:44:06.626946,80.0849252153455,0
2025-05-31T20:14:06.626946,71.1391646158169,0
2025-05-31T20:44:06.626946,86.414240489048,0
2025-05-31T21:14:06.626946,77.83732565047556,0
2025-05-31T21:44:06.626946,89.76845781740019,0
2025-05-31T22:14:06.626946,73.09868219417548,0
2025-05-31T22:44:06.626946,82.27237282070449,0
2025-05-31T23:14:06.626946,78.71446951053206,0
2025-05-31T23:44:06.626946,70.51123736304932,0
2025-06-01T00:14:06.626946,75.55214646706119,0
2025-06-01T00:44:06.626946,78.33328600135698,0
2025-06-01T01:14:06.626946,70.39080023776746,0
2025-06-01T01:44:06.626946,75.8109758860798,0
2025-06-01T02:14:06.626946,88.9306304546293,0
2025-06-01T02:44:06.626946,79.6387080324917,0
2025-06-01T03:14:06.626946,88.34497962464482,0
2025-06-01T03:44:06.626946,74.81760568804066,0
2025-06-01T04:14:06.626946,77.57461856605629,0
2025-06-01T04:44:06.626946,85.07051728217158,0
2025-06-01T05:14:06.626946,81.93858076164875,0
2025-06-01T05:44:06.626946,84.17229319255706,0
2025-06-01T06:14:06.626946,83.96049719395914,0
2025-06-01T06:44:06.626946,76.5028975519235,0
2025-06-01T07:14:06.626946,82.84940746881757,0
2025-06-01T07:44:06.626946,88.06042152184602,0
2025-06-01T08:14:06.626946,71.23852417419798,0
2025-06-01T08:44:06.626946,79.43970220555245,0
2025-06-01T09:14:06.626946,72.04107483985126,0
2025-06-01T09:44:06.626946,83.04289956705196,0
2025-06-01T10:14:06.626946,74.28407666468608,0
2025-06-01T10:44:06.626946,79.49921496722405,0
2025-06-01T11:14:06.626946,80.05281047314652,0
2025-06-01T11:44:06.626946,74.42381797385036,0
2025-06-01T12:14:06.626946,81.15527194273969,0
2025-06-01T12:44:06.626946,80.93833188716346,0
2025-06-01T13:14:06.626946,72.7665138630914,0
2025-06-01T13:44:06.626946,80.7615010095095,0
2025-06-01T14:14:06.626946,88.17059043910852,0
2025-06-01T14:44:06.626946,80.88265850128823,0
2025-06-01T15:14:06.626946,71.46216633879061,0
2025-06-01T15:44:06.626946,77.31775295486332,0
2025-06-01T16:14:06.626946,74.02735856017453,0
2025-06-01T16:44:06.626946,73.13082665872975,0
2025-06-01T17:14:06.626946,72.6249098485753,0
2025-06-01T17:44:06.626946,86.20402478387692,0
2025-06-01T18:14:06.626946,82.12941244263168,0
2025-06-01T18:44:06.626946,70.7102103284806,0
2025-06-01T19:14:06.626946,76.13137722628815,0
2025-06-01T19:44:06.626946,75.11774911185756,0
2025-06-01T20:14:06.626946,87.94512082667927,0
2025-06-01T20:44:06.626946,83.87662404715569,0
2025-06-01T21:14:06.626946,87.02999128069823,0
2025-06-01T21:44:06.626946,82.15775349922254,0
2025-06-01T22:14:06.626946,71.1317613710119,0
2025-06-01T22:44:06.626946,89.04861675422586,0
2025-06-01T23:14:06.626946,84.72809598680442,0
2025-06-01T23:44:06.626946,70.66989827092156,0
2025-06-02T00:14:06.626946,78.14936241121586,0
2025-06-02T00:44:06.626946,70.78937345643828,0
2025-06-02T01:14:06.626946,77.83463776436155,0
2025-06-02T01:44:06.626946,76.93267948208036,0
2025-06-02T02:14:06.626946,79.71364640631165,0
2025-06-02T02:44:06.626946,80.7552878243657,0
2025-06-02T03:14:06.626946,76.19437789930156,0
2025-06-02T03:44:06.626946,83.19147788970676,0
2025-06-02T04:14:06.626946,82.89446328728063,0
2025-06-02T04:44:06.626946,84.27037686932906,0
2025-06-02T05:14:06.626946,77.09543452316687,0
2025-06-02T05:44:06.626946,71.3226953275798,0
2025-06-02T06:14:06.626946,82.96373109167013,0
2025-06-02T06:44:06.626946,80.67691646358637,0
2025-06-02T07:14:06.626946,82.69100749682853,0
2025-06-02T07:44:06.626946,75.47570987111911,0
2025-06-02T08:14:06.626946,83.69318546939246,0
2025-06-02T08:44:06.626946,79.70394186578329,0
2025-06-02T09:14:06.626946,76.26985620771603,0
2025-06-02T09:44:06.626946,78.68310923249392,0
2025-06-02T10:14:06.626946,78.56141450469353,0
2025-06-02T10:44:06.626946,75.11968792643749,0
2025-06-02T11:14:06.626946,72.51667915999978,0
2025-06-02T11:44:06.626946,87.68307167648251,0
2025-06-02T12:14:06.626946,85.26141428712971,0
2025-06-02T12:44:06.626946,77.52580424351244,0
2025-06-02T13:14:06.626946,87.16789990188357,0
2025-06-02T13:44:06.626946,85.08519863470178,0
2025-06-02T14:14:06.626946,86.15521369117585,0
2025-06-02T14:44:06.626946,82.71388785450655,0
2025-06-02T15:14:06.626946,74.83101141982334,0
2025-06-02T15:44:06.626946,78.42215268140484,0
2025-06-02T16:14:06.626946,82.76116746044346,0
2025-06-02T16:44:06.626946,83.90730665093818,0
2025-06-02T17:14:06.626946,73.67432147574388,0
2025-06-02T17:44:06.626946,72.37051792997916,0
2025-06-02T18:14:06.626946,84.10996664046446,0
2025-06-02T18:44:06.626946,80.66526773095529,0
2025-06-02T19:14:06.626946,72.83114677933358,0
2025-06-02T19:44:06.626946,84.54390060929734,0
2025-06-02T20:14:06.626946,83.945187247196,0
2025-06-02T20:44:06.626946,85.76294084201062,0
2025-06-02T21:14:06.626946,74.0646657223825,0
2025-06-02T21:44:06.626946,79.8861600159639,0
2025-06-02T22:14:06.626946,88.36009641260468,0
2025-06-02T22:44:06.626946,77.15245657775104,0
2025-06-02T23:14:06.626946,89.35281396656525,0
2025-06-02T23:44:06.626946,88.49223336476555,0
2025-06-03T00:14:06.626946,73.99818549444761,0
2025-06-03T00:44:06.626946,85.81348673156506,0
2025-06-03T01:14:06.626946,87.71338445254932,0
2025-06-03T01:44:06.626946,79.48324771183626,0
2025-06-03T02:14:06.626946,82.53733187068279,0
2025-06-03T02:44:06.626946,76.74868463434319,0
2025-06-03T03:14:06.626946,75.2380355020344,0
2025-06-03T03:44:06.626946,75.49975142389044,0
2025-06-03T04:14:06.626946,84.29849182443857,0
2025-06-03T04:44:06.626946,74.5816181594435,0
2025-06-03T05:14:06.626946,80.85269401883421,0
2025-06-03T05:44:06.626946,85.36717705491212,0
2025-06-03T06:14:06.626946,86.70178324889572,0
2025-06-03T06:44:06.626946,89.66814772711714,0
2025-06-03T07:14:06.626946,71.91243854781307,0
2025-06-03T07:44:06.626946,76.59714977563658,0
2025-06-03T08:14:06.626946,71.68939958205729,0
2025-06-03T08:44:06.626946,86.1200882207651,0
2025-06-03T09:14:06.626946,77.60533762813544,0
2025-06-03T09:44:06.626946,85.85110367178225,0
2025-06-03T10:14:06.626946,87.97819184936583,0
2025-06-03T10:44:06.626946,80.72812361766822,0
2025-06-03T11:14:06.626946,86.74606205149385,0
2025-06-03T11:44:06.626946,84.28207800672969,0
2025-06-03T12:14:06.626946,71.53838354336375,0
2025-06-03T12:44:06.626946,73.45345926410947,0
2025-06-03T13:14:06.626946,79.43170171911093,0
2025-06-03T13:44:06.626946,77.79252894558498,0
2025-06-03T14:14:06.626946,70.78245041341022,0
2025-06-03T14:44:06.626946,80.84074438994462,0
2025-06-03T15:14:06.626946,72.99358314308564,0
2025-06-03T15:44:06.626946,89.86282932397074,0
2025-06-03T16:14:06.626946,78.82126106757828,0
2025-06-03T16:44:06.626946,73.98203330479707,0
2025-06-03T17:14:06.626946,80.55380095165043,0
2025-06-03T17:44:06.626946,74.44739065572622,0
2025-06-03T18:14:06.626946,70.79858565386755,0
2025-06-03T18:44:06.626946,78.74207955447145,0
2025-06-03T19:14:06.626946,85.9139581659424,0
2025-06-03T19:44:06.626946,71.95268292737164,0
2025-06-03T20:14:06.626946,72.19192368519408,0
2025-06-03T20:44:06.626946,85.43096146696911,0
2025-06-03T21:14:06.626946,82.4211890684169,0
2025-06-03T21:44:06.626946,86.49469343675835,0
2025-06-03T22:14:06.626946,83.97195892488494,0
2025-06-03T22:44:06.626946,87.52042522663812,0
2025-06-03T23:14:06.626946,82.97268528988658,0
2025-06-03T23:44:06.626946,88.73947340562972,0
2025-06-04T00:14:06.626946,75.32703566007959,0
2025-06-04T00:44:06.626946,70.95084598447451,0
2025-06-04T01:14:06.626946,81.44441682062137,0
2025-06-04T01:44:06.626946,87.63943679905573,0
2025-06-04T02:14:06.626946,88.99057872554862,0
2025-06-04T02:44:06.626946,79.3518941723238,0
2025-06-04T03:14:06.626946,73.5049827321472,0
2025-06-04T03:44:06.626946,75.32396001858109,0
2025-06-04T04:14:06.626946,70.52687094539357,0
2025-06-04T04:44:06.626946,82.50918749126035,0
2025-06-04T05:14:06.626946,73.64615711485462,0
2025-06-04T05:44:06.626946,79.94829433585188,0
2025-06-04T06:14:06.626946,77.38692460317658,0
2025-06-04T06:44:06.626946,75.09464314630841,0
2025-06-04T07:14:06.626946,70.30911923235686,0
2025-06-04T07:44:06.626946,79.71099597548236,0
2025-06-04T08:14:06.626946,70.75673164718152,0
2025-06-04T08:44:06.626946,72.01513524243352,0
2025-06-04T09:14:06.626946,78.9615302441628,0
2025-06-04T09:44:06.626946,78.74230188758438,0
2025-06-04T10:14:06.626946,88.32730992007261,0
2025-06-04T10:44:06.626946,84.851756452384,0
2025-06-04T11:14:06.626946,78.02953728346279,0
2025-06-04T11:44:06.626946,86.19420418868808,0
2025-06-04T12:14:06.626946,73.71377428346918,0
2025-06-04T12:44:06.626946,85.80760956547834,0
2025-06-04T13:14:06.626946,86.3898605015289,0
2025-06-04T13:44:06.626946,72.73649260450819,0
2025-06-04T14:14:06.626946,73.22231399116896,0
2025-06-04T14:44:06.626946,83.53901879403894,0
2025-06-04T15:14:06.626946,89.07719498361679,0
2025-06-04T15:44:06.626946,79.57996542610609,0
2025-06-04T16:14:06.626946,81.01665898523981,0
2025-06-04T16:44:06.626946,80.30869196608865,0
2025-06-04T17:14:06.626946,77.64901549223512,0
2025-06-04T17:44:06.626946,81.59997328543375,0
2025-06-04T18:14:06.626946,78.17418604535413,0
2025-06-04T18:44:06.626946,84.6795739711341,0
2025-06-04T19:14:06.626946,70.21866841861878,0
2025-06-04T19:44:06.626946,80.03590016500469,0
2025-06-04T20:14:06.626946,80.35671720950523,0
2025-06-04T20:44:06.626946,74.16652555455403,0
2025-06-04T21:14:06.626946,77.3205513765225,0
2025-06-04T21:44:06.626946,88.49285975970642,0
2025-06-04T22:14:06.626946,82.61287783098933,0
2025-06-04T22:44:06.626946,79.11342857003524,0
2025-06-04T23:14:06.626946,76.89778283502991,0
2025-06-04T23:44:06.626946,73.14443622579594,0
2025-06-05T00:14:06.626946,72.19641119369264,0
2025-06-05T00:44:06.626946,81.18681353540958,0
2025-06-05T01:14:06.626946,84.67672978054352,0
2025-06-05T01:44:06.626946,86.00942201109385,0
2025-06-05T02:14:06.626946,83.73789047227694,0
2025-06-05T02:44:06.626946,76.4197587404631,0
2025-06-05T03:14:06.626946,71.58833927868187,0
2025-06-05T03:44:06.626946,78.73430042411437,0
2025-06-05T04:14:06.626946,84.25186448413305,0
2025-06-05T04:44:06.626946,78.11356462715551,0
2025-06-05T05:14:06.626946,75.5515136821717,0
2025-06-05T05:44:06.626946,72.92573674720919,0
2025-06-05T06:14:06.626946,89.70007531570471,0
2025-06-05T06:44:06.626946,85.51305145980862,0
2025-06-05T07:14:06.626946,86.43745542366196,0
2025-06-05T07:44:06.626946,85.8220565220228,0
2025-06-05T08:14:06.626946,82.18681254820379,0
2025-06-05T08:44:06.626946,86.62038523211183,0
2025-06-05T09:14:06.626946,77.19174047214278,0
2025-06-05T09:44:06.626946,86.1788758751769,0
2025-06-05T10:14:06.626946,86.90340426040443,0
2025-06-05T10:44:06.626946,80.85586304134546,0
2025-06-05T11:14:06.626946,88.49450963220755,0
2025-06-05T11:44:06.626946,80.81267803985864,0
2025-06-05T12:14:06.626946,74.42272733937777,0
2025-06-05T12:44:06.626946,71.68294337323252,0
2025-06-05T13:14:06.626946,76.09413094126812,0
2025-06-05T13:44:06.626946,89.29948249994604,0
2025-06-05T14:14:06.626946,89.43283198291032,0
2025-06-05T14:44:06.626946,70.54494448465618,0
2025-06-05T15:14:06.626946,75.31185141960164,0
2025-06-05T15:44:06.626946,86.0369412576808,0
2025-06-05T16:14:06.626946,79.79236387916568,0
2025-06-05T16:44:06.626946,70.26897462373591,0
2025-06-05T17:14:06.626946,84.27205795963164,0
2025-06-05T17:44:06.626946,76.40087116255283,0
2025-06-05T18:14:06.626946,80.21667932836554,0
2025-06-05T18:44:06.626946,76.99765179338338,0
2025-06-05T19:14:06.626946,72.4638237094509,0
2025-06-05T19:44:06.626946,75.99654048601253,0
2025-06-05T20:14:06.626946,86.16976293804022,0
2025-06-05T20:44:06.626946,74.5162517622633,0
2025-06-05T21:14:06.626946,76.29467320584338,0
2025-06-05T21:44:06.626946,78.10593829504677,0
2025-06-05T22:14:06.626946,84.55786112427181,0
2025-06-05T22:44:06.626946,84.69080917148894,0
2025-06-05T23:14:06.626946,86.76315936573809,0
2025-06-05T23:44:06.626946,75.94949244739759,0
2025-06-06T00:14:06.626946,77.3498173142462,0
2025-06-06T00:44:06.626946,75.07719658593126,0
2025-06-06T01:14:06.626946,85.22941815574228,0
2025-06-06T01:44:06.626946,75.94632382800837,0
2025-06-06T02:14:06.626946,84.30938705224486,0
2025-06-06T02:44:06.626946,83.0507315767729,0
2025-06-06T03:14:06.626946,87.1366992709528,0
2025-06-06T03:44:06.626946,75.51023454675634,0
2025-06-06T04:14:06.626946,81.25745310515643,0
2025-06-06T04:44:06.626946,82.65974671564746,0
2025-06-06T05:14:06.626946,79.20445570706299,0
2025-06-06T05:44:06.626946,74.45379985111592,0
2025-06-06T06:14:06.626946,71.52048213962453,0
2025-06-06T06:44:06.626946,88.43796913020611,0
2025-06-06T07:14:06.626946,85.86131578942252,0
2025-06-06T07:44:06.626946,89.72257977809895,0
2025-06-06T08:14:06.626946,79.97310853519814,0
2025-06-06T08:44:06.626946,86.0367501327719,0
2025-06-06T09:14:06.626946,79.75243193847572,0
2025-06-06T09:44:06.626946,83.72566392733361,0
2025-06-06T10:14:06.626946,78.87348605814852,0
2025-06-06T10:44:06.626946,85.38076645893226,0
2025-06-06T11:14:06.626946,84.06353335867921,0
2025-06-06T11:44:06.626946,84.41461168403488,0
2025-06-06T12:14:06.626946,74.95795955134186,0
2025-06-06T12:44:06.626946,85.12324002078975,0
2025-06-06T13:14:06.626946,80.00220705684535,0
2025-06-06T13:44:06.626946,75.64589133604264,0
2025-06-06T14:14:06.626946,88.76844721497015,0
2025-06-06T14:44:06.626946,87.67981903603629,0
2025-06-06T15:14:06.626946,83.30211476226098,0
2025-06-06T15:44:06.626946,83.34940776482549,0
2025-06-06T16:14:06.626946,74.60503474281147,0
2025-06-06T16:44:06.626946,74.99164354757589,0
2025-06-06T17:14:06.626946,70.32361150704338,0
2025-06-06T17:44:06.626946,81.42057645894712,0
2025-06-06T18:14:06.626946,84.48046031383831,0
2025-06-06T18:44:06.626946,74.12672409215843,0
2025-06-06T19:14:06.626946,81.42583768964997,0
2025-06-06T19:44:06.626946,88.85528866526593,0
2025-06-06T20:14:06.626946,89.9891823480242,0
2025-06-06T20:44:06.626946,85.51371617385901,0
2025-06-06T21:14:06.626946,73.2552534171141,0
2025-06-06T21:44:06.626946,72.8577580729901,0
2025-06-06T22:14:06.626946,85.80537300417787,0
2025-06-06T22:44:06.626946,73.43853785983158,0
2025-06-06T23:14:06.626946,70.26203991124149,0
2025-06-06T23:44:06.626946,70.87649706114959,0
2025-06-07T00:14:06.626946,79.59202531017138,0
2025-06-07T00:44:06.626946,82.2039526220119,0
2025-06-07T01:14:06.626946,70.12502636340457,0
2025-06-07T01:44:06.626946,75.48722378255597,0
2025-06-07T02:14:06.626946,85.17488148503368,0
2025-06-07T02:44:06.626946,87.38189210131239,0
2025-06-07T03:14:06.626946,81.82825369485938,0
2025-06-07T03:44:06.626946,73.9363112079024,0
2025-06-07T04:14:06.626946,84.60069306789916,0
2025-06-07T04:44:06.626946,87.99969973234414,0
2025-06-07T05:14:06.626946,88.7438119090442,0
2025-06-07T05:44:06.626946,76.19243085817656,0
2025-06-07T06:14:06.626946,86.34258148851899,0
2025-06-07T06:44:06.626946,76.96406705501295,0
2025-06-07T07:14:06.626946,75.8473988499622,0
2025-06-07T07:44:06.626946,87.12127023839064,0
2025-06-07T08:14:06.626946,87.54712653035708,0
2025-06-07T08:44:06.626946,80.38531778130707,0
2025-06-07T09:14:06.626946,78.401451626084,0
2025-06-07T09:44:06.626946,86.71920323599252,0
2025-06-07T10:14:06.626946,75.35953150390039,0
2025-06-07T10:44:06.626946,80.24693745880282,0
2025-06-07T11:14:06.626946,76.80073379652305,0
2025-06-07T11:44:06.626946,70.45072669520673,0
2025-06-07T12:14:06.626946,70.6452957659503,0
2025-06-07T12:44:06.626946,84.03074890740533,0
2025-06-07T13:14:06.626946,75.199684223431,0
2025-06-07T13:44:06.626946,70.5561384048548,0
2025-06-07T14:14:06.626946,76.15178999997413,0
2025-06-07T14:44:06.626946,86.3335759344483,0
2025-06-07T15:14:06.626946,82.81410013174687,0
2025-06-07T15:44:06.626946,71.57157747196386,0
2025-06-07T16:14:06.626946,89.71540375812546,0
2025-06-07T16:44:06.626946,78.77927429264851,0
2025-06-07T17:14:06.626946,78.19521103810166,0
2025-06-07T17:44:06.626946,83.70001337735492,0
2025-06-07T18:14:06.626946,84.04681832160765,0
2025-06-07T18:44:06.626946,86.12978095891586,0
2025-06-07T19:14:06.626946,72.13505817587581,0
2025-06-07T19:44:06.626946,70.53114741340976,0
2025-06-07T20:14:06.626946,79.92955668207043,0
2025-06-07T20:44:06.626946,73.02336217853453,0
2025-06-07T21:14:06.626946,84.80314650776286,0
2025-06-07T21:44:06.626946,70.68891935806107,0
2025-06-07T22:14:06.626946,75.85515460352634,0
2025-06-07T22:44:06.626946,71.47508213753127,0
2025-06-07T23:14:06.626946,81.47765622874394,0
2025-06-07T23:44:06.626946,89.60063943238674,0
2025-06-08T00:14:06.626946,72.03813261008798,0
2025-06-08T00:44:06.626946,76.17716222177707,0
2025-06-08T01:14:06.626946,80.70796128518508,0
2025-06-08T01:44:06.626946,85.34070094330235,0
2025-06-08T02:14:06.626946,76.44350684327767,0
2025-06-08T02:44:06.626946,88.5556735736679,0
2025-06-08T03:14:06.626946,70.0473671108031,0
2025-06-08T03:44:06.626946,88.3449745814763,0
2025-06-08T04:14:06.626946,81.40944892959783,0
2025-06-08T04:44:06.626946,71.62693511783348,0
2025-06-08T05:14:06.626946,78.77569849635309,0
2025-06-08T05:44:06.626946,73.27550251449956,0
2025-06-08T06:14:06.626946,86.69757736304612,0
2025-06-08T06:44:06.626946,84.28200424786613,0
2025-06-08T07:14:06.626946,71.54639987318545,0
2025-06-08T07:44:06.626946,74.56877886621734,0
2025-06-08T08:14:06.626946,85.01668461176376,0
2025-06-08T08:44:06.626946,89.10144157798176,0
2025-06-08T09:14:06.626946,82.4434154818764,0
2025-06-08T09:44:06.626946,88.89600490705584,0
2025-06-08T10:14:06.626946,74.44945077622201,0
2025-06-08T10:44:06.626946,76.75576635430863,0
2025-06-08T11:14:06.626946,89.94393567575948,0
2025-06-08T11:44:06.626946,75.20112198264216,0
2025-06-08T12:14:06.626946,87.2032308803124,0
2025-06-08T12:44:06.626946,82.71730966510299,0
2025-06-08T13:14:06.626946,81.79392329144662,0
2025-06-08T13:44:06.626946,75.35729857628492,0
2025-06-08T14:14:06.626946,83.25539703582515,0
2025-06-08T14:44:06.626946,75.30697430903075,0
2025-06-08T15:14:06.626946,88.70571676219231,0
2025-06-08T15:44:06.626946,83.01400903705829,0
2025-06-08T16:14:06.626946,80.94552685559782,0
2025-06-08T16:44:06.626946,77.9551655442749,0
2025-06-08T17:14:06.626946,87.73648186756724,0
2025-06-08T17:44:06.626946,89.22768963732346,0
2025-06-08T18:14:06.626946,85.1680016213995,0
2025-06-08T18:44:06.626946,71.3011211698556,0
2025-06-08T19:14:06.626946,79.49729005854637,0
2025-06-08T19:44:06.626946,84.6032205202782,0
2025-06-08T20:14:06.626946,88.81825257876588,0
2025-06-08T20:44:06.626946,86.31456700177893,0
2025-06-08T21:14:06.626946,70.8808634630661,0
2025-06-08T21:44:06.626946,77.15448572768125,0
2025-06-08T22:14:06.626946,88.52693775429782,0
2025-06-08T22:44:06.626946,74.16889008402298,0
2025-06-08T23:14:06.626946,89.88260138059029,0
2025-06-08T23:44:06.626946,78.52503497889798,0
2025-06-09T00:14:06.626946,81.42278731483455,0
2025-06-09T00:44:06.626946,76.05315310181841,0
2025-06-09T01:14:06.626946,72.03879735409231,0
2025-06-09T01:44:06.626946,85.26225246205496,0
2025-06-09T02:14:06.626946,76.51431142564066,0
2025-06-09T02:44:06.626946,87.03385564669414,0
2025-06-09T03:14:06.626946,76.57424275330442,0
2025-06-09T03:44:06.626946,74.97372884937339,0
2025-06-09T04:14:06.626946,84.3019554221056,0
2025-06-09T04:44:06.626946,77.4986437195393,0
2025-06-09T05:14:06.626946,78.7856201006839,0
2025-06-09T05:44:06.626946,72.37231461457246,0
2025-06-09T06:14:06.626946,75.57402682573823,0
2025-06-09T06:44:06.626946,75.26504818122929,0
2025-06-09T07:14:06.626946,79.51277390704053,0
2025-06-09T07:44:06.626946,75.69598253017996,0
2025-06-09T08:14:06.626946,79.06555609343391,0
2025-06-09T08:44:06.626946,70.81560364861181,0
2025-06-09T09:14:06.626946,73.29428262492478,0
2025-06-09T09:44:06.626946,82.74917020180978,0
2025-06-09T10:14:06.626946,82.98867841631466,0
2025-06-09T10:44:06.626946,82.6370836761331,0
2025-06-09T11:14:06.626946,78.13258172906798,0
2025-06-09T11:44:06.626946,70.30466823231585,0
2025-06-09T12:14:06.626946,78.14499980452072,0
2025-06-09T12:44:06.626946,86.13436495633943,0
2025-06-09T13:14:06.626946,71.8169904257731,0
2025-06-09T13:44:06.626946,81.32874395000863,0
2025-06-09T14:14:06.626946,71.17001359969926,0
2025-06-09T14:44:06.626946,89.1485596260788,0
2025-06-09T15:14:06.626946,84.77448316287285,0
2025-06-09T15:44:06.626946,72.67451979433865,0
2025-06-09T16:14:06.626946,76.5087373304205,0
2025-06-09T16:44:06.626946,80.57227289518531,0
2025-06-09T17:14:06.626946,71.8969923209319,0
2025-06-09T17:44:06.626946,71.0695889207321,0
2025-06-09T18:14:06.626946,85.52373320992496,0
2025-06-09T18:44:06.626946,78.24546342593513,0
2025-06-09T19:14:06.626946,89.70628214373993,0
2025-06-09T19:44:06.626946,85.11712513441502,0
2025-06-09T20:14:06.626946,84.71280695817893,0
2025-06-09T20:44:06.626946,80.3433347691901,0
2025-06-09T21:14:06.626946,79.64712346948077,0
2025-06-09T21:44:06.626946,74.3542934385334,0
2025-06-09T22:14:06.626946,71.25662718304889,0
2025-06-09T22:44:06.626946,81.34997465599164,0
2025-06-09T23:14:06.626946,76.24364648768332,0
2025-06-09T23:44:06.626946,73.08478722594774,0
2025-06-10T00:14:06.626946,72.7216961960592,0
2025-06-10T00:44:06.626946,89.72598767930386,0
2025-06-10T01:14:06.626946,89.64117519456065,0
2025-06-10T01:44:06.626946,88.38366985264196,0
2025-06-10T02:14:06.626946,84.75517812597647,0
2025-06-10T02:44:06.626946,84.25706391771166,0
2025-06-10T03:14:06.626946,72.91279553224237,0
2025-06-10T03:44:06.626946,74.83796716304165,0
2025-06-10T04:14:06.626946,86.23547356818986,0
2025-06-10T04:44:06.626946,81.17391906531888,0
2025-06-10T05:14:06.626946,87.14094998802663,0
2025-06-10T05:44:06.626946,74.36862140553934,0
2025-06-10T06:14:06.626946,79.98850478366747,0
2025-06-10T06:44:06.626946,77.7704887991606,0
2025-06-10T07:14:06.626946,74.49431205953408,0
2025-06-10T07:44:06.626946,84.26636337959657,0
2025-06-10T08:14:06.626946,84.0676272848715,0
2025-06-10T08:44:06.626946,88.1999442722282,0
2025-06-10T09:14:06.626946,75.93504936777839,0
2025-06-10T09:44:06.626946,86.27374971283504,0
2025-06-10T10:14:06.626946,75.96990236077869,0
2025-06-10T10:44:06.626946,72.60121874596605,0
2025-06-10T11:14:06.626946,84.89978100394197,0
2025-06-10T11:44:06.626946,74.60958989097666,0
2025-06-10T12:14:06.626946,83.86119408066585,0
2025-06-10T12:44:06.626946,76.37029364409081,0
2025-06-10T13:14:06.626946,74.80960773832406,0
2025-06-10T13:44:06.626946,87.64774896945723,0
2025-06-10T14:14:06.626946,86.75019348768913,0
2025-06-10T14:44:06.626946,86.3111306253958,0
2025-06-10T15:14:06.626946,73.41513013897725,0
2025-06-10T15:44:06.626946,85.57302610142887,0
2025-06-10T16:14:06.626946,79.64059695396689,0
2025-06-10T16:44:06.626946,76.07544338427492,0
2025-06-10T17:14:06.626946,88.00105081878131,0
2025-06-10T17:44:06.626946,87.27911610789724,0
2025-06-10T18:14:06.626946,75.35299392097218,0
2025-06-10T18:44:06.626946,88.30385825499333,0
2025-06-10T19:14:06.626946,89.5749501117712,0
2025-06-10T19:44:06.626946,75.8746684222149,0
2025-06-10T20:14:06.626946,80.8186863202988,0
2025-06-10T20:44:06.626946,82.13772059409597,0
2025-06-10T21:14:06.626946,71.25195337615003,0
2025-06-10T21:44:06.626946,74.82381665906452,0
2025-06-10T22:14:06.626946,88.41785701005293,0
2025-06-10T22:44:06.626946,89.98944964937543,0
2025-06-10T23:14:06.626946,72.24982705937163,0
2025-06-10T23:44:06.626946,80.86853539860033,0
2025-06-11T00:14:06.626946,83.74536433509842,0
2025-06-11T00:44:06.626946,80.79751953958309,0
2025-06-11T01:14:06.626946,76.50829546582348,0
2025-06-11T01:44:06.626946,71.50198127964057,0
2025-06-11T02:14:06.626946,83.1331989735387,0
2025-06-11T02:44:06.626946,83.85653824003253,0
2025-06-11T03:14:06.626946,84.87376717470879,0
2025-06-11T03:44:06.626946,70.07435758729773,0
2025-06-11T04:14:06.626946,81.15449860015728,0
2025-06-11T04:44:06.626946,71.6805636332173,0
2025-06-11T05:14:06.626946,73.80951716360124,0
2025-06-11T05:44:06.626946,80.54008986048495,0
2025-06-11T06:14:06.626946,89.05556371639842,0
2025-06-11T06:44:06.626946,89.34435913529423,0
2025-06-11T07:14:06.626946,83.30555301295827,0
2025-06-11T07:44:06.626946,75.49635559859635,0
2025-06-11T08:14:06.626946,82.38649785910822,0
2025-06-11T08:44:06.626946,87.05814559399693,0
2025-06-11T09:14:06.626946,86.16123947164724,0
2025-06-11T09:44:06.626946,81.52807040385048,0
2025-06-11T10:14:06.626946,77.41783432300335,0
2025-06-11T10:44:06.626946,74.4135389976669,0
2025-06-11T11:14:06.626946,86.10564886847578,0
2025-06-11T11:44:06.626946,78.04208503579025,0
2025-06-11T12:14:06.626946,88.96028008525559,0
2025-06-11T12:44:06.626946,88.86921030059453,0
2025-06-11T13:14:06.626946,84.90744533180737,0
2025-06-11T13:44:06.626946,74.64047039481268,0
2025-06-11T14:14:06.626946,72.56406522755472,0
2025-06-11T14:44:06.626946,74.13076393610169,0
2025-06-11T15:14:06.626946,89.62775477781989,0
2025-06-11T15:44:06.626946,72.15449120904468,0
2025-06-11T16:14:06.626946,84.85465738604665,0
2025-06-11T16:44:06.626946,80.28312634425284,0
2025-06-11T17:14:06.626946,77.67077940035915,0
2025-06-11T17:44:06.626946,75.85667257300577,0
2025-06-11T18:14:06.626946,73.53109362326603,0
2025-06-11T18:44:06.626946,77.75875284721911,0
2025-06-11T19:14:06.626946,86.72206122932688,0
2025-06-11T19:44:06.626946,76.1508236462406,0
2025-06-11T20:14:06.626946,83.85529070955162,0
2025-06-11T20:44:06.626946,79.93826011090789,0
2025-06-11T21:14:06.626946,79.57957594028994,0
2025-06-11T21:44:06.626946,80.24869017374657,0
2025-06-11T22:14:06.626946,79.71986092739037,0
2025-06-11T22:44:06.626946,89.10477774079119,0
2025-06-11T23:14:06.626946,87.47464900652193,0
2025-06-11T23:44:06.626946,75.2654489250287,0
2025-06-12T00:14:06.626946,89.9488704016,0
2025-06-12T00:44:06.626946,76.86005148650445,0
2025-06-12T01:14:06.626946,78.10762228727593,0
2025-06-12T01:44:06.626946,87.42086741216089,0
2025-06-12T02:14:06.626946,78.38455782119296,0
2025-06-12T02:44:06.626946,79.36123285512093,0
2025-06-12T03:14:06.626946,70.76129857457607,0
2025-06-12T03:44:06.626946,87.91255761090932,0
2025-06-12T04:14:06.626946,78.43098202698977,0
2025-06-12T04:44:06.626946,80.4091050569861,0
2025-06-12T05:14:06.626946,85.91601463307302,0
2025-06-12T05:44:06.626946,78.96730489522767,0
2025-06-12T06:14:06.626946,76.48841154580478,0
2025-06-12T06:44:06.626946,85.79789375866324,0
2025-06-12T07:14:06.626946,83.14854614902808,0
2025-06-12T07:44:06.626946,76.46964908280054,0
2025-06-12T08:14:06.626946,71.31086098401153,0
2025-06-12T08:44:06.626946,70.99486157670823,0
2025-06-12T09:14:06.626946,85.30583867563999,0
2025-06-12T09:44:06.626946,71.37182175889859,0
2025-06-12T10:14:06.626946,85.9341928822733,0
2025-06-12T10:44:06.626946,70.59445742188436,0
2025-06-12T11:14:06.626946,77.01590797109668,0
2025-06-12T11:44:06.626946,73.9479192580609,0
2025-06-12T12:14:06.626946,84.9348320139436,0
2025-06-12T12:44:06.626946,71.18934397296199,0
2025-06-12T13:14:06.626946,88.00379773051006,0
2025-06-12T13:44:06.626946,78.02568087939328,0
2025-06-12T14:14:06.626946,74.6680173618242,0
2025-06-12T14:44:06.626946,71.87815152062464,0
2025-06-12T15:14:06.626946,77.89437009552162,0
2025-06-12T15:44:06.626946,84.2157330560754,0
2025-06-12T16:14:06.626946,83.13994858906854,0
2025-06-12T16:44:06.626946,84.24667408449825,0
2025-06-12T17:14:06.626946,73.62771526743118,0
2025-06-12T17:44:06.626946,89.69896629237653,0
2025-06-12T18:14:06.626946,89.3487140942645,0
2025-06-12T18:44:06.626946,85.60070617648992,0
2025-06-12T19:14:06.626946,78.10353087131433,0
2025-06-12T19:44:06.626946,84.96496671886628,0
2025-06-12T20:14:06.626946,72.73566935538894,0
2025-06-12T20:44:06.626946,89.44936148144134,0
2025-06-12T21:14:06.626946,85.20895416906332,0
2025-06-12T21:44:06.626946,75.87170761693174,0
2025-06-12T22:14:06.626946,85.3742416141871,0
2025-06-12T22:44:06.626946,81.28843067172548,0
2025-06-12T23:14:06.626946,75.33324159774726,0
2025-06-12T23:44:06.626946,81.75348142835139,0
2025-06-13T00:14:06.626946,84.75606302302137,0
2025-06-13T00:44:06.626946,77.36952173435469,0
2025-06-13T01:14:06.626946,71.59474231436614,0
2025-06-13T01:44:06.626946,84.30174237573519,0
2025-06-13T02:14:06.626946,71.11176985370568,0
2025-06-13T02:44:06.626946,87.6525451054738,0
2025-06-13T03:14:06.626946,82.29680460365729,0
2025-06-13T03:44:06.626946,70.47596127764714,0
2025-06-13T04:14:06.626946,75.88833406427511,0
2025-06-13T04:44:06.626946,82.01865834616609,0
2025-06-13T05:14:06.626946,83.67774424346003,0
2025-06-13T05:44:06.626946,81.39573633157487,0
2025-06-13T06:14:06.626946,78.58257201896394,0
2025-06-13T06:44:06.626946,73.78064346321703,0
2025-06-13T07:14:06.626946,86.97078887494126,0
2025-06-13T07:44:06.626946,76.61713394000641,0
2025-06-13T08:14:06.626946,74.93296689367074,0
2025-06-13T08:44:06.626946,84.46086647733785,0
2025-06-13T09:14:06.626946,74.70354967599275,0
2025-06-13T09:44:06.626946,80.82427520256095,0
2025-06-13T10:14:06.626946,88.28891528135875,0
2025-06-13T10:44:06.626946,88.55813358469223,0
2025-06-13T11:14:06.626946,89.8798418356312,0
2025-06-13T11:44:06.626946,85.6627898974085,0
2025-06-13T12:14:06.626946,77.93426071325126,0
2025-06-13T12:44:06.626946,71.65717962973193,0
2025-06-13T13:14:06.626946,84.07194612526578,0
2025-06-13T13:44:06.626946,82.7367447554842,0
2025-06-13T14:14:06.626946,88.00465682487648,0
2025-06-13T14:44:06.626946,83.02847102683333,0
2025-06-13T15:14:06.626946,88.1520274346546,0
2025-06-13T15:44:06.626946,80.5218136472904,0
2025-06-13T16:14:06.626946,78.68194377974596,0
2025-06-13T16:44:06.626946,84.69785740274843,0
2025-06-13T17:14:06.626946,89.92027738052786,0
2025-06-13T17:44:06.626946,76.39475432235324,0
2025-06-13T18:14:06.626946,78.9456835430411,0
2025-06-13T18:44:06.626946,75.09159079125581,0
2025-06-13T19:14:06.626946,82.58456700780508,0
2025-06-13T19:44:06.626946,70.53073890483338,0
2025-06-13T20:14:06.626946,73.16641302853,0
2025-06-13T20:44:06.626946,79.52314053633012,0
2025-06-13T21:14:06.626946,81.15824487184815,0
2025-06-13T21:44:06.626946,75.99361909913532,0
2025-06-13T22:14:06.626946,77.20217038353013,1
2025-06-13T22:44:06.626946,83.07116356368996,1
2025-06-13T23:14:06.626946,76.14205426805813,1
2025-06-13T23:44:06.626946,71.76524320536093,1
2025-06-14T00:14:06.626946,73.71494133668904,1
2025-06-14T00:44:06.626946,79.14936210119322,1
2025-06-14T01:14:06.626946,84.0374227083603,1
2025-06-14T01:44:06.626946,73.91900896543011,1
2025-06-14T02:14:06.626946,81.7893513659738,1
2025-06-14T02:44:06.626946,71.6277776774483,1
2025-06-14T03:14:06.626946,80.61249797582033,1
2025-06-14T03:44:06.626946,83.72644886467552,1
2025-06-14T04:14:06.626946,82.50109598864425,1
2025-06-14T04:44:06.626946,83.90504031244372,1
2025-06-14T05:14:06.626946,77.77600949900018,1
2025-06-14T05:44:06.626946,85.04905066414761,1
2025-06-14T06:14:06.626946,69.01762533696576,1
2025-06-14T06:44:06.626946,84.81804937018917,1
2025-06-14T07:14:06.626946,67.83822365444534,1
2025-06-14T07:44:06.626946,83.84947662262948,1
2025-06-14T08:14:06.626946,81.86844045523416,1
2025-06-14T08:44:06.626946,74.82386667616223,1
2025-06-14T09:14:06.626946,76.62426532877286,1
2025-06-14T09:44:06.626946,83.36823264786149,1
2025-06-14T10:14:06.626946,73.60503083509514,1
2025-06-14T10:44:06.626946,75.84113433290435,1
2025-06-14T11:14:06.626946,77.21867967528881,1
2025-06-14T11:44:06.626946,79.59944282105303,1
2025-06-14T12:14:06.626946,69.2656437611328,1
2025-06-14T12:44:06.626946,72.11152125069108,1
2025-06-14T13:14:06.626946,71.11054979067548,1
2025-06-14T13:44:06.626946,80.12202939971945,1
2025-06-14T14:14:06.626946,76.44376111986088,1
2025-06-14T14:44:06.626946,68.49375509961496,1
2025-06-14T15:14:06.626946,72.33877368544863,1
2025-06-14T15:44:06.626946,73.12779863749832,1
2025-06-14T16:14:06.626946,80.66502139344085,1
2025-06-14T16:44:06.626946,67.82044623825104,1
2025-06-14T17:14:06.626946,69.36662700502536,1
2025-06-14T17:44:06.626946,83.66564735621827,1
2025-06-14T18:14:06.626946,75.65820014608914,1
2025-06-14T18:44:06.626946,73.92850896920788,1
2025-06-14T19:14:06.626946,72.11765944671458,1
2025-06-14T19:44:06.626946,79.99316392735142,1
2025-06-14T20:14:06.626946,76.0744665563507,1
2025-06-14T20:44:06.626946,68.78090082422817,1
2025-06-14T21:14:06.626946,76.47725167548572,1
2025-06-14T21:44:06.626946,67.59617255742246,1
2025-06-14T22:14:06.626946,77.48854941691418,1
2025-06-14T22:44:06.626946,67.6190039041578,1
2025-06-14T23:14:06.626946,75.3031859358524,1
2025-06-14T23:44:06.626946,84.39459104505387,1
2025-06-15T00:14:06.626946,81.06124191228369,1
2025-06-15T00:44:06.626946,76.44532461182189,1
2025-06-15T01:14:06.626946,84.09820031375068,1
2025-06-15T01:44:06.626946,74.78711898378614,1
2025-06-15T02:14:06.626946,66.30950410409328,1
2025-06-15T02:44:06.626946,69.61499643850793,1
2025-06-15T03:14:06.626946,75.27806802388498,1
2025-06-15T03:44:06.626946,84.11174795932592,1
2025-06-15T04:14:06.626946,80.49833791560036,1
2025-06-15T04:44:06.626946,83.18634403592311,1
2025-06-15T05:14:06.626946,84.55199821790302,1
2025-06-15T05:44:06.626946,69.01929127052496,1
2025-06-15T06:14:06.626946,82.34251274923929,1
2025-06-15T06:44:06.626946,69.63015382969841,1
2025-06-15T07:14:06.626946,83.56613648764807,1
2025-06-15T07:44:06.626946,72.36608908159508,1
2025-06-15T08:14:06.626946,74.93703587938343,1
2025-06-15T08:44:06.626946,78.34282119847094,1
2025-06-15T09:14:06.626946,77.44328643228471,1
2025-06-15T09:44:06.626946,80.33328904070916,1
2025-06-15T10:14:06.626946,82.58417434918942,1
2025-06-15T10:44:06.626946,82.01327435247948,1
2025-06-15T11:14:06.626946,69.40685566799945,1
2025-06-15T11:44:06.626946,66.56362153131337,1
2025-06-15T12:14:06.626946,74.91986151864802,1
2025-06-15T12:44:06.626946,72.8921017984925,1
2025-06-15T13:14:06.626946,78.0813950126855,1
2025-06-15T13:44:06.626946,82.82383082867445,1
2025-06-15T14:14:06.626946,68.31841953656566,1
2025-06-15T14:44:06.626946,71.84496175372642,1
2025-06-15T15:14:06.626946,81.38217186169192,1
2025-06-15T15:44:06.626946,85.85821675643155,1
2025-06-15T16:14:06.626946,83.52807857429423,1
2025-06-15T16:44:06.626946,84.73350573015293,1
2025-06-15T17:14:06.626946,78.65357339805219,1
2025-06-15T17:44:06.626946,74.22904140059532,1
2025-06-15T18:14:06.626946,75.43347624667935,1
2025-06-15T18:44:06.626946,72.71769078118864,1
2025-06-15T19:14:06.626946,84.70328358076533,1
2025-06-15T19:44:06.626946,76.11819596274128,1
2025-06-15T20:14:06.626946,81.85491180915017,1
2025-06-15T20:44:06.626946,79.59523534728837,1
2025-06-15T21:14:06.626946,85.45465667718236,1
2025-06-15T21:44:06.626946,84.96281860368597,1
